<?xml version="1.0" encoding="UTF-8"?>
<!DOCTYPE mapper PUBLIC "-//mybatis.org//DTD Mapper 3.0//EN" "http://mybatis.org/dtd/mybatis-3-mapper.dtd">

<mapper namespace="io.renren.modules.lamp.dao.LampDao">

	<!-- 可根据自己的需求，是否要使用 -->
    <resultMap type="io.renren.modules.lamp.entity.LampEntity" id="lampMap">
        <result property="id" column="id"/>
        <result property="name" column="name"/>
        <result property="num" column="num"/>
        <result property="categoryid" column="categoryId"/>
        <result property="status" column="status"/>
        <result property="brightness" column="brightness"/>
        <result property="online" column="online"/>
        <result property="damage" column="damage"/>
        <result property="remarks" column="remarks"/>
        <result property="createtime" column="createtime"/>
    </resultMap>

    <update id="updateOnline"   >
        update tb_lamp set `online` = #{online} WHERE num = #{num}
    </update>

    <update id="updateBatch0" parameterType="collection" >
      UPDATE tb_lamp SET brightness = 0 ,`status` = 0  WHERE id in
        <foreach collection="ids" item="item" open="(" close=")" separator=",">#{item}</foreach>;
    </update>

    <update id="updateBatch1" parameterType="int">
        UPDATE tb_lamp SET brightness = #{brightness},`status` = 1  WHERE id in
        <foreach collection="ids" item="item" open="(" close=")" separator=",">#{item}</foreach>;
    </update>

    <select id="judgeNum" resultType="io.renren.modules.lamp.entity.LampEntity" parameterType="string">
        SELECT * FROM `tb_lamp`
        WHERE num =  #{Snum}

    </select>

    <select id="getLampIds" resultType="java.lang.Integer">
        SELECT id FROM `tb_lamp`
    </select>


</mapper>